CASE;SERIAL;REF;QUESTNNR;MODE;STARTED;EI02;DD01;DD03_01;FG01_01;FG01_02;FG01_03;FG01_04;FG01_05;FG01_06;FG01_07;FG01_08;FG01_09;FG01_10;FG01_11;FG02_01;KL01;TIME001;TIME002;TIME003;TIME004;TIME_SUM;MAILSENT;LASTDATA;FINISHED;Q_VIEWER;LASTPAGE;MAXPAGE;MISSING;MISSREL;TIME_RSI;DEG_TIME
24;;;base;interview;04.12.2021 15:32;1;1;21;3;3;2;2;4;3;1;2;4;4;4;3;1;134;5;72;4;87;;04.12.2021 15:35;1;0;4;4;0;0;0,76;3
25;;;base;interview;04.12.2021 15:33;1;1;19;4;4;1;2;3;3;1;2;4;4;3;2;1;58;16;62;11;78;;04.12.2021 15:36;1;0;4;4;0;0;0,44;0
26;;;base;interview;04.12.2021 15:39;1;2;12;2;3;1;2;1;3;2;3;3;3;1;4;1;52;13;155;8;77;;04.12.2021 15:43;1;0;4;4;0;0;0,36;0
29;;;base;interview;04.12.2021 15:57;1;1;22;3;3;1;1;2;1;1;2;3;3;1;3;1;7;5;128;3;72;;04.12.2021 15:59;1;0;4;4;0;0;0,96;7
30;;802;base;interview;04.12.2021 21:32;1;2;39;4;4;2;2;2;3;1;1;1;3;2;4;1;22;13;48;4;80;;04.12.2021 21:34;1;0;4;4;0;0;0,73;2
31;;392;base;interview;04.12.2021 23:49;1;2;20;3;2;2;1;1;4;1;2;2;4;1;3;1;4;6;43;3;56;;04.12.2021 23:50;1;0;4;4;0;0;1,29;14
32;;707;base;interview;05.12.2021 12:18;1;2;18;3;1;1;1;1;3;1;1;1;3;2;2;1;7;6;49;4;66;;05.12.2021 12:19;1;0;4;4;0;0;1,01;2
33;;748;base;interview;05.12.2021 12:49;1;2;23;2;3;1;1;1;2;1;1;2;3;2;2;1;12;7;79;6;104;;05.12.2021 12:51;1;0;4;4;0;0;0,69;0
34;;;base;interview;05.12.2021 13:39;1;1;22;4;4;3;4;4;4;1;2;4;4;4;3;1;6;8;34;4;52;;05.12.2021 13:39;1;0;4;4;0;0;1,11;8
35;;;base;interview;05.12.2021 13:39;1;2;52;4;4;2;1;1;3;1;3;4;4;3;3;1;9;8;74;3;94;;05.12.2021 13:40;1;0;4;4;0;0;0,88;4
36;;677;base;interview;05.12.2021 18:06;1;2;23;3;4;2;2;1;3;1;2;2;3;2;3;1;4;8;44;3;59;;05.12.2021 18:07;1;0;4;4;0;0;1,22;14
37;;242;base;interview;05.12.2021 18:16;1;2;45;4;4;3;1;1;2;1;2;2;3;2;3;1;8;16;109;6;129;;05.12.2021 18:18;1;0;4;4;0;0;0,58;0
38;;118;base;interview;05.12.2021 19:01;1;2;22;4;4;4;3;3;4;4;2;2;4;1;3;1;6;6;38;10;54;;05.12.2021 19:02;1;0;4;4;0;0;0,98;6
39;;428;base;interview;05.12.2021 19:13;1;1;20;2;3;1;1;2;2;1;1;2;3;4;3;1;3;5;91;5;104;;05.12.2021 19:15;1;0;4;4;0;0;1,16;15
40;;740;base;interview;05.12.2021 21:48;1;2;19;3;1;3;2;3;4;1;2;3;4;3;3;1;6;4;65;4;79;;05.12.2021 21:50;1;0;4;4;0;0;1,09;6
41;;709;base;interview;05.12.2021 23:52;1;2;19;4;3;2;2;1;3;2;2;2;4;1;4;1;10;6;52;5;73;;05.12.2021 23:53;1;0;4;4;0;0;0,87;1
42;;284;base;interview;06.12.2021 01:11;1;1;22;4;2;1;2;3;3;1;1;3;4;4;1;1;4;6;68;4;82;;06.12.2021 01:12;1;0;4;4;0;0;1,08;6
44;;693;base;interview;06.12.2021 09:05;1;3;20;4;4;2;1;1;3;2;3;3;4;3;3;1;4;4;41;3;52;;06.12.2021 09:06;1;0;4;4;0;0;1,43;22
45;;385;base;interview;06.12.2021 09:08;1;2;24;3;3;2;3;3;2;1;1;1;2;3;3;1;16;6;57;4;83;;06.12.2021 09:09;1;0;4;4;0;0;0,84;0
46;;142;base;interview;06.12.2021 09:23;1;1;21;3;3;1;1;2;2;1;2;2;4;2;3;1;8;7;145;5;77;;06.12.2021 09:26;1;0;4;4;0;0;0,7;0
47;;763;base;interview;06.12.2021 09:30;1;1;19;4;4;2;2;2;2;1;2;3;3;2;3;1;33;6;58;5;75;;06.12.2021 09:32;1;0;4;4;0;0;0,74;0
49;;423;base;interview;06.12.2021 10:52;1;2;25;4;4;2;1;1;4;1;3;4;4;4;4;1;34;5;62;4;77;;06.12.2021 10:54;1;0;4;4;0;0;0,82;3
50;;;base;interview;06.12.2021 11:12;1;2;20;4;3;2;3;4;4;1;3;3;4;3;4;1;6;4;58;3;71;;06.12.2021 11:13;1;0;4;4;0;0;1,2;10
51;;289;base;interview;06.12.2021 11:18;1;;;;;;;;;;;;;;;;7;;;;7;;06.12.2021 11:19;0;0;1;1;0;0;0,86;0
52;;289;base;interview;06.12.2021 11:19;1;2;21;2;2;1;2;2;2;1;1;2;3;2;2;1;9;7;59;4;79;;06.12.2021 11:20;1;0;4;4;0;0;0,87;0
53;;446;base;interview;06.12.2021 11:25;1;2;22;4;4;2;1;2;4;1;2;3;4;4;4;1;32;5;85;4;100;;06.12.2021 11:27;1;0;4;4;0;0;0,76;3
54;;138;base;interview;06.12.2021 11:50;1;2;19;3;3;1;1;1;1;1;2;3;3;3;2;1;26;5;71;5;87;;06.12.2021 11:52;1;0;4;4;0;0;0,76;3
55;;319;base;interview;06.12.2021 12:02;1;2;22;4;4;3;2;2;4;2;3;3;4;3;3;1;9;5;30;4;48;;06.12.2021 12:03;1;0;4;4;0;0;1,19;14
56;;251;base;interview;06.12.2021 12:03;1;2;30;2;2;1;1;2;2;1;2;3;3;3;2;2;6;4;54;4;68;;06.12.2021 12:04;1;0;4;4;0;0;1,14;7
57;;767;base;interview;06.12.2021 12:13;1;2;18;4;4;2;1;2;4;1;3;1;4;1;4;1;20;7;51;3;81;;06.12.2021 12:15;1;0;4;4;0;0;0,9;6
58;;304;base;interview;06.12.2021 12:15;1;2;28;2;2;1;1;1;2;1;1;1;3;1;3;1;4;6;61;6;77;;06.12.2021 12:16;1;0;4;4;0;0;1,03;6
59;;705;base;interview;06.12.2021 12:17;1;1;19;3;3;1;2;1;3;1;2;2;3;2;3;1;12;4;44;4;64;;06.12.2021 12:18;1;0;4;4;0;0;1,07;10
60;;694;base;interview;06.12.2021 12:21;1;2;19;3;4;1;4;1;3;1;3;4;4;1;3;1;4;5;49;4;62;;06.12.2021 12:22;1;0;4;4;0;0;1,22;11
61;;717;base;interview;06.12.2021 12:22;1;2;18;4;4;2;1;1;4;2;3;3;4;3;4;1;13;6;51;3;73;;06.12.2021 12:23;1;0;4;4;0;0;0,98;6
62;;722;base;interview;06.12.2021 12:24;1;2;20;3;3;1;3;2;4;1;1;2;3;4;3;1;5;5;52;4;66;;06.12.2021 12:25;1;0;4;4;0;0;1,12;6
63;;293;base;interview;06.12.2021 12:28;1;2;20;3;3;1;1;1;2;1;1;3;3;3;3;1;2;6;89;6;103;;06.12.2021 12:30;1;0;4;4;0;0;1,33;25
64;;776;base;interview;06.12.2021 12:35;1;2;23;4;3;2;2;2;3;1;2;2;3;3;2;1;7;7;50;6;70;;06.12.2021 12:36;1;0;4;4;0;0;0,88;2
65;;311;base;interview;06.12.2021 13:00;1;1;19;2;2;2;1;1;2;1;2;1;3;1;1;1;3;5;61;4;73;;06.12.2021 13:01;1;0;4;4;0;0;1,28;15
66;;255;base;interview;06.12.2021 13:05;1;1;20;4;3;3;2;1;4;2;4;3;4;2;3;1;5;5;42;3;55;;06.12.2021 13:06;1;0;4;4;0;0;1,27;14
67;;353;base;interview;06.12.2021 13:12;1;;;;;;;;;;;;;;;;7;;;;7;;06.12.2021 13:12;0;0;1;1;0;0;0,86;0
68;;353;base;interview;06.12.2021 13:12;1;2;19;2;3;1;1;2;1;1;1;2;4;3;3;1;4;7;53;4;68;;06.12.2021 13:13;1;0;4;4;0;0;1,11;7
69;;238;base;interview;06.12.2021 13:12;1;1;22;1;3;3;2;4;3;3;2;3;3;1;2;1;4;4;16;4;28;;06.12.2021 13:13;1;0;4;4;0;0;1,75;45
70;;697;base;interview;06.12.2021 13:19;1;2;18;4;4;2;1;1;3;1;1;2;4;1;3;1;55;7;52;4;69;;06.12.2021 13:21;1;0;4;4;0;0;0,77;1
71;;182;base;interview;06.12.2021 13:22;1;2;21;3;3;1;2;3;4;1;1;3;3;3;3;1;6;6;52;4;68;;06.12.2021 13:23;1;0;4;4;0;0;1,02;1
72;;487;base;interview;06.12.2021 13:28;1;2;28;3;2;1;2;2;3;1;1;3;3;3;2;1;18;6;57;7;88;;06.12.2021 13:30;1;0;4;4;0;0;0,73;0
73;;663;base;interview;06.12.2021 13:34;1;2;20;3;3;1;1;1;3;1;2;3;3;3;3;1;6;11;124;7;81;;06.12.2021 13:37;1;0;4;4;0;0;0,64;0
74;;220;base;interview;06.12.2021 13:52;1;1;26;4;4;3;2;1;3;2;2;1;3;2;4;1;11;5;72;9;92;;06.12.2021 13:53;1;0;4;4;0;0;0,75;3
75;;78;base;interview;06.12.2021 13:57;1;2;26;3;3;2;1;1;2;1;2;2;3;3;2;1;8;4;38;22;54;;06.12.2021 13:59;1;0;4;4;0;0;0,98;13
76;;756;base;interview;06.12.2021 14:02;1;2;20;3;2;1;1;1;2;1;1;2;3;1;2;1;14;6;39;4;63;;06.12.2021 14:03;1;0;4;4;0;0;0,97;6
77;;227;base;interview;06.12.2021 14:03;1;2;22;3;3;1;1;1;3;1;2;3;4;1;4;1;3;6;39;3;51;;06.12.2021 14:03;1;0;4;4;0;0;1,45;22
78;;656;base;interview;06.12.2021 14:03;1;1;26;3;3;2;1;1;3;1;1;4;3;3;1;1;8;6;55;3;72;;06.12.2021 14:04;1;0;4;4;0;0;1,03;5
79;;308;base;interview;06.12.2021 14:05;1;2;23;4;3;2;1;1;3;2;3;3;4;2;4;1;5;10;58;6;79;;06.12.2021 14:07;1;0;4;4;0;0;0,86;3
80;;764;base;interview;06.12.2021 14:06;1;2;18;3;3;1;2;1;3;1;2;2;3;2;2;1;3;5;136;11;69;;06.12.2021 14:09;1;0;4;4;0;0;1;15
81;;750;base;interview;06.12.2021 14:06;1;1;18;3;3;1;2;1;3;1;2;2;3;2;3;1;5;8;108;17;125;;06.12.2021 14:09;1;0;4;4;0;0;0,68;3
82;;666;base;interview;06.12.2021 14:15;1;1;20;1;1;1;1;1;1;1;1;1;2;1;3;1;7;9;83;7;106;;06.12.2021 14:17;1;0;4;4;0;0;0,7;0
83;;661;base;interview;06.12.2021 14:16;1;2;19;4;3;2;1;2;4;2;3;1;4;2;3;1;4;7;45;3;59;;06.12.2021 14:17;1;0;4;4;0;0;1,24;14
84;;387;base;interview;06.12.2021 14:30;1;2;19;4;4;2;1;3;4;1;3;2;4;3;4;1;4;5;64;4;77;;06.12.2021 14:32;1;0;4;4;0;0;1,15;9
85;;745;base;interview;06.12.2021 14:43;1;2;19;2;3;1;1;3;2;1;1;2;3;2;3;;92;10;183;;73;;06.12.2021 14:48;0;0;3;3;0;0;0,33;0
86;;704;base;interview;06.12.2021 14:49;1;2;20;4;4;3;1;1;3;1;3;1;4;1;3;1;31;8;63;6;83;;06.12.2021 14:51;1;0;4;4;0;0;0,63;0
87;;684;base;interview;06.12.2021 14:59;1;2;20;3;3;1;1;1;3;1;1;2;3;2;3;1;4;5;38;3;50;;06.12.2021 15:00;1;0;4;4;0;0;1,38;19
88;;267;base;interview;06.12.2021 15:05;1;2;20;3;3;1;1;1;1;1;1;1;3;2;3;1;4;5;49;3;61;;06.12.2021 15:06;1;0;4;4;0;0;1,3;15
90;;760;base;interview;06.12.2021 15:07;1;2;20;2;3;1;1;2;2;1;1;1;3;3;3;1;79;7;93;11;110;;06.12.2021 15:10;1;0;4;4;0;0;0,48;0
91;;645;base;interview;06.12.2021 15:07;1;2;28;4;3;1;1;1;3;1;2;4;3;3;3;1;14;11;71;6;102;;06.12.2021 15:09;1;0;4;4;0;0;0,61;0
92;;706;base;interview;06.12.2021 15:14;1;2;19;4;4;3;2;2;4;2;2;3;4;3;4;1;6;4;45;3;58;;06.12.2021 15:15;1;0;4;4;0;0;1,28;14
93;;674;base;interview;06.12.2021 15:25;1;1;19;3;3;1;2;2;2;1;1;2;3;1;2;1;33;28;250;4;73;;06.12.2021 15:30;1;0;4;4;0;0;0,41;0
94;;724;base;interview;06.12.2021 15:25;1;2;19;3;3;1;2;1;3;1;1;1;3;2;4;1;27;5;77;4;92;;06.12.2021 15:27;1;0;4;4;0;0;0,79;3
95;;650;base;interview;06.12.2021 15:30;1;1;21;1;1;1;1;3;1;1;1;2;1;2;2;1;3;4;32;4;43;;06.12.2021 15:31;1;0;4;4;0;0;1,57;29
96;;70;base;interview;06.12.2021 15:34;1;1;32;2;1;1;1;1;2;1;2;2;3;1;3;1;228;4;59;3;72;;06.12.2021 15:39;1;0;4;4;0;0;0,96;10
97;;351;base;interview;06.12.2021 15:36;1;2;20;4;3;2;4;4;4;4;4;4;4;4;4;1;3;5;41;3;52;;06.12.2021 15:37;1;0;4;4;0;0;1,48;24
98;;757;base;interview;06.12.2021 15:45;1;2;19;4;3;3;2;2;4;3;3;3;4;3;4;1;4;6;100;4;114;;06.12.2021 15:47;1;0;4;4;0;0;1,02;6
99;;347;base;interview;06.12.2021 15:54;1;1;32;4;3;2;1;1;3;2;3;1;4;3;2;1;3;3;49;3;58;;06.12.2021 15:55;1;0;4;4;0;0;1,62;31
100;;310;base;interview;06.12.2021 16:25;1;2;20;4;3;2;1;2;3;1;2;4;4;3;2;1;13;5;65;3;86;;06.12.2021 16:27;1;0;4;4;0;0;0,97;7
101;;396;base;interview;06.12.2021 16:28;1;2;19;4;3;2;1;1;3;1;3;2;3;1;4;1;4;6;54;4;68;;06.12.2021 16:29;1;0;4;4;0;0;1,14;7
102;;229;base;interview;06.12.2021 16:32;1;2;27;3;2;1;2;1;1;1;2;3;3;2;3;1;9;8;49;3;69;;06.12.2021 16:34;1;0;4;4;0;0;0,98;6
103;;668;base;interview;06.12.2021 16:48;1;2;19;4;3;2;1;1;3;1;1;1;4;1;4;1;13;5;75;4;97;;06.12.2021 16:50;1;0;4;4;0;0;0,86;3
104;;713;base;interview;06.12.2021 17:06;1;2;18;3;3;2;1;2;3;1;2;2;4;2;3;1;166;24;105;19;121;;06.12.2021 17:12;1;0;4;4;0;0;0,26;0
105;;660;base;interview;06.12.2021 20:25;1;2;21;3;2;2;3;4;3;1;1;3;3;3;4;1;8;9;396;33;78;;06.12.2021 20:32;1;0;4;4;0;0;0,42;0
106;;683;base;interview;06.12.2021 20:39;1;2;20;3;1;2;1;1;3;1;2;4;4;3;4;1;3;7;65;5;80;;06.12.2021 20:40;1;0;4;4;0;0;1,13;13
107;;228;base;interview;06.12.2021 20:58;1;2;20;3;2;2;2;2;3;1;2;4;3;2;3;1;3;5;50;4;62;;06.12.2021 20:59;1;0;4;4;0;0;1,34;17
108;;716;base;interview;06.12.2021 21:37;1;1;19;3;3;2;2;3;3;2;3;4;3;3;3;1;4;8;46;4;62;;06.12.2021 21:38;1;0;4;4;0;0;1,12;9
109;;86;base;interview;06.12.2021 22:39;1;2;22;4;4;2;1;3;4;1;3;3;4;2;3;1;351;5;49;3;63;;06.12.2021 22:46;1;0;4;4;0;0;0,93;9
110;;680;base;interview;06.12.2021 22:46;1;2;23;3;3;1;1;1;2;1;1;1;4;1;3;1;7;5;58;5;75;;06.12.2021 22:47;1;0;4;4;0;0;0,96;3
111;;749;base;interview;06.12.2021 23:46;1;2;19;3;3;3;2;2;4;1;2;2;4;2;2;1;26;8;76;5;95;;06.12.2021 23:47;1;0;4;4;0;0;0,63;0
112;;162;base;interview;07.12.2021 01:13;1;2;21;4;3;1;2;3;3;1;4;3;4;3;3;1;4;8;50;6;68;;07.12.2021 01:14;1;0;4;4;0;0;1,01;8
113;;667;base;interview;07.12.2021 08:00;1;2;20;3;1;2;1;2;3;2;1;1;3;4;1;1;1700;6;48;4;64;;07.12.2021 08:29;1;0;4;4;0;0;0,8;2
114;;670;base;interview;07.12.2021 08:58;1;1;18;3;4;1;1;1;1;1;1;2;3;1;3;1;14;5;482;4;80;;07.12.2021 09:06;1;0;4;4;0;0;0,69;3
115;;457;base;interview;07.12.2021 09:03;1;2;25;2;3;2;1;1;2;1;2;4;3;2;2;1;3;11;140;4;75;;07.12.2021 09:06;1;0;4;4;0;0;0,99;13
116;;711;base;interview;07.12.2021 09:30;1;2;24;4;3;1;1;1;3;1;2;2;4;2;3;1;4;11;87;8;110;;07.12.2021 09:32;1;0;4;4;0;0;0,8;6
117;;702;base;interview;07.12.2021 10:47;1;2;20;3;3;1;1;2;3;1;1;1;3;2;1;1;24;6;56;5;73;;07.12.2021 10:49;1;0;4;4;0;0;0,77;0
118;;371;base;interview;07.12.2021 12:40;1;2;21;4;4;2;1;1;4;2;3;2;4;3;4;1;3;6;54;6;69;;07.12.2021 12:41;1;0;4;4;0;0;1,18;13
119;;765;base;interview;07.12.2021 12:49;1;1;18;4;4;2;1;1;4;1;3;1;4;2;4;1;3;4;50;5;62;;07.12.2021 12:50;1;0;4;4;0;0;1,36;21
120;;210;base;interview;07.12.2021 14:57;1;1;20;3;3;1;1;1;2;1;1;2;3;2;2;1;4;10;115;5;76;;07.12.2021 15:00;1;0;4;4;0;0;0,85;6
121;;334;base;interview;07.12.2021 14:58;1;1;21;4;4;1;1;1;4;1;2;1;4;4;2;1;25;6;42;3;57;;07.12.2021 14:59;1;0;4;4;0;0;0,98;9
122;;741;base;interview;07.12.2021 16:29;1;2;20;4;3;1;2;2;4;1;2;3;4;3;3;1;7;5;57;6;75;;07.12.2021 16:30;1;0;4;4;0;0;0,93;3
123;;479;base;interview;07.12.2021 18:30;1;2;45;1;1;1;4;3;1;1;1;2;1;3;2;1;4;7;73;5;89;;07.12.2021 18:31;1;0;4;4;0;0;0,98;6
124;;737;base;interview;07.12.2021 21:24;1;2;21;2;1;1;1;1;1;1;1;3;4;3;3;2;4;4;55;5;68;;07.12.2021 21:25;1;0;4;4;0;0;1,21;13
125;;181;base;interview;07.12.2021 22:28;1;2;22;3;3;2;2;2;3;2;2;3;3;2;3;1;15;7;97;5;124;;07.12.2021 22:30;1;0;4;4;0;0;0,66;0
126;;642;base;interview;07.12.2021 23:32;1;1;43;4;3;1;1;1;3;1;1;1;4;2;2;1;14;8;54;5;81;;07.12.2021 23:34;1;0;4;4;0;0;0,76;1
127;;648;base;interview;08.12.2021 02:08;1;1;23;3;3;1;1;1;3;1;1;3;4;3;3;1;3;4;58;3;68;;08.12.2021 02:09;1;0;4;4;0;0;1,45;23
128;;143;base;interview;08.12.2021 10:41;1;1;29;3;2;1;1;3;2;1;1;1;3;1;2;1;10;7;88;6;111;;08.12.2021 10:43;1;0;4;4;0;0;0,69;0
129;;746;base;interview;08.12.2021 11:37;1;2;30;2;2;2;2;2;2;2;2;3;2;3;2;1;6;4;61;7;78;;08.12.2021 11:38;1;0;4;4;0;0;1;6
130;;715;base;interview;08.12.2021 12:16;1;2;18;4;4;4;1;1;3;2;3;3;3;2;2;1;5;6;39;3;53;;08.12.2021 12:17;1;0;4;4;0;0;1,25;12
131;;130;base;interview;08.12.2021 13:00;1;1;24;3;1;1;1;1;1;1;1;1;4;1;2;1;2;6;52;3;63;;08.12.2021 13:01;1;0;4;4;0;0;1,61;30
132;;739;base;interview;08.12.2021 13:23;1;2;19;4;4;2;2;2;4;2;3;1;4;2;4;1;10;30;249;2;75;;08.12.2021 13:27;1;0;4;4;0;0;0,76;13
133;;678;base;interview;08.12.2021 13:23;1;1;19;3;3;1;2;2;3;1;2;1;3;2;3;1;4;7;157;4;72;;08.12.2021 13:26;1;0;4;4;0;0;0,93;6
134;;718;base;interview;08.12.2021 13:35;1;2;19;3;4;1;2;2;4;1;1;1;4;4;2;1;14;7;66;4;91;;08.12.2021 13:36;1;0;4;4;0;0;0,79;0
135;;752;base;interview;08.12.2021 16:27;1;2;24;4;4;2;1;1;3;2;3;1;3;2;4;1;184;5;41;3;55;;08.12.2021 16:31;1;0;4;4;0;0;0,99;12
136;;720;base;interview;08.12.2021 16:49;1;2;19;3;3;1;2;2;3;1;1;3;3;2;2;1;5;8;79;5;97;;08.12.2021 16:50;1;0;4;4;0;0;0,87;3
137;;768;base;interview;08.12.2021 17:02;1;1;31;1;1;2;2;2;2;1;1;4;2;3;3;1;3;5;54;6;68;;08.12.2021 17:03;1;0;4;4;0;0;1,23;16
138;;682;base;interview;08.12.2021 17:18;1;2;20;4;4;2;2;2;3;2;1;3;3;1;2;1;4;6;63;4;77;;08.12.2021 17:19;1;0;4;4;0;0;1,1;6
139;;703;base;interview;08.12.2021 17:31;1;2;21;4;2;1;1;1;3;1;2;4;4;1;4;1;4;6;43;4;57;;08.12.2021 17:32;1;0;4;4;0;0;1,21;10
140;;686;base;interview;08.12.2021 18:17;1;2;22;4;4;1;1;1;3;1;1;1;4;3;3;1;5;8;52;3;68;;08.12.2021 18:18;1;0;4;4;0;0;1,09;8
141;;774;base;interview;08.12.2021 18:54;1;2;19;3;3;2;2;3;3;1;2;1;3;2;3;1;13;6;69;7;95;;08.12.2021 18:55;1;0;4;4;0;0;0,71;0
142;;417;base;interview;09.12.2021 00:26;1;1;22;2;3;1;1;1;1;1;1;1;3;3;3;1;10;8;51;6;75;;09.12.2021 00:27;1;0;4;4;0;0;0,78;1
143;;698;base;interview;09.12.2021 08:25;1;2;20;3;3;1;2;3;3;1;2;1;3;4;4;1;3;6;41;4;54;;09.12.2021 08:26;1;0;4;4;0;0;1,35;17
144;;729;base;interview;09.12.2021 09:37;1;2;18;4;3;3;1;1;4;2;3;1;4;1;4;1;4;5;53;4;66;;09.12.2021 09:39;1;0;4;4;0;0;1,19;10
145;;649;base;interview;09.12.2021 09:47;1;2;22;4;4;4;1;2;2;1;1;2;4;2;4;1;15;4;58;3;80;;09.12.2021 09:48;1;0;4;4;0;0;1,05;10
146;;696;base;interview;09.12.2021 12:04;1;1;25;2;2;1;1;1;2;1;1;2;4;2;2;1;3;6;62;5;76;;09.12.2021 12:05;1;0;4;4;0;0;1,18;13
147;;369;base;interview;09.12.2021 12:38;1;1;21;3;3;2;2;3;4;2;3;2;3;1;4;1;3;6;57;19;70;;09.12.2021 12:39;1;0;4;4;0;0;1,05;13
148;;381;base;interview;09.12.2021 16:18;1;1;21;4;3;2;2;1;3;1;2;2;3;1;3;1;12;5;73;3;93;;09.12.2021 16:19;1;0;4;4;0;0;0,95;7
149;;163;base;interview;09.12.2021 16:44;1;2;20;3;2;3;2;3;1;2;3;3;3;3;4;1;4;11;21;6;42;;09.12.2021 16:45;1;0;4;4;0;0;1,36;28
150;;695;base;interview;09.12.2021 19:04;1;2;20;4;2;2;1;2;3;1;2;3;4;3;3;1;37;46;66;3;81;;09.12.2021 19:07;1;0;4;4;0;0;0,62;4
151;;644;base;interview;09.12.2021 19:33;1;2;33;2;2;1;1;1;1;1;1;1;3;2;1;1;4;6;84;6;100;;09.12.2021 19:35;1;0;4;4;0;0;0,96;6
152;;673;base;interview;10.12.2021 02:50;1;2;23;2;2;2;1;2;1;1;1;2;2;3;3;1;4;6;81;6;97;;10.12.2021 02:52;1;0;4;4;0;0;0,97;6
153;;465;base;interview;10.12.2021 13:34;1;2;23;3;3;2;1;1;3;1;2;2;3;2;3;1;12;10;85;5;112;;10.12.2021 13:36;1;0;4;4;0;0;0,64;0
154;;112;base;interview;10.12.2021 16:26;1;2;21;4;4;3;1;1;4;2;4;3;4;1;4;1;4;5;46;3;58;;10.12.2021 16:27;1;0;4;4;0;0;1,32;16
155;;691;base;interview;10.12.2021 18:40;1;2;18;4;4;1;1;2;3;1;2;3;4;3;3;1;30;6;54;3;69;;10.12.2021 18:42;1;0;4;4;0;0;0,9;5
156;;483;base;interview;11.12.2021 13:29;1;2;20;2;3;1;2;2;1;1;1;2;3;2;1;1;3;5;54;6;68;;11.12.2021 13:30;1;0;4;4;0;0;1,23;16
157;;761;base;interview;11.12.2021 15:31;1;2;25;2;2;1;2;2;2;1;1;2;3;2;3;1;4;4;75;13;87;;11.12.2021 15:33;1;0;4;4;0;0;1,02;13
158;;362;base;interview;12.12.2021 02:40;1;2;23;4;4;2;1;1;4;3;3;3;4;3;4;1;4;6;77;11;91;;12.12.2021 02:41;1;0;4;4;0;0;0,9;6
159;;184;base;interview;12.12.2021 06:47;1;2;23;3;3;2;2;1;3;1;2;3;3;2;3;1;4;7;53;4;68;;12.12.2021 06:48;1;0;4;4;0;0;1,11;7
160;;410;base;interview;12.12.2021 12:08;1;2;47;3;4;2;2;2;3;2;2;2;3;3;4;1;16;7;64;7;94;;12.12.2021 12:09;1;0;4;4;0;0;0,67;0
161;;734;base;interview;12.12.2021 14:11;1;1;19;4;3;1;1;1;3;1;1;1;4;1;1;1;12;5;103;6;126;;12.12.2021 14:13;1;0;4;4;0;0;0,73;3
164;;;base;interview;12.12.2021 17:54;1;2;18;3;4;2;1;1;3;1;1;1;4;3;2;1;106;17;123;32;73;;12.12.2021 17:58;1;0;4;4;0;0;0,25;0
166;;124;base;interview;12.12.2021 18:07;1;2;19;4;4;2;1;1;3;1;3;1;4;1;4;1;5;4;37;3;49;;12.12.2021 18:08;1;0;4;4;0;0;1,39;20
167;;413;base;interview;12.12.2021 18:52;1;2;26;4;4;2;1;1;4;3;3;2;4;2;3;1;18;7;47;4;76;;12.12.2021 18:54;1;0;4;4;0;0;0,85;3
168;;723;base;interview;13.12.2021 01:26;1;2;20;3;4;1;1;1;1;1;1;3;4;2;1;1;5;5;82;4;96;;13.12.2021 01:27;1;0;4;4;0;0;1,02;5
169;;432;base;interview;13.12.2021 15:20;1;2;36;3;3;1;2;2;3;1;2;2;3;2;4;1;18;5;106;8;137;;13.12.2021 15:22;1;0;4;4;0;0;0,64;3
170;;751;base;interview;13.12.2021 17:01;1;2;19;3;3;1;2;2;3;1;2;2;4;2;3;1;9;8;138;5;79;;13.12.2021 17:04;1;0;4;4;0;0;0,66;0
171;;653;base;interview;13.12.2021 17:51;1;1;21;3;3;2;1;1;3;1;1;3;4;2;2;1;19;8;85;4;116;;13.12.2021 17:53;1;0;4;4;0;0;0,68;0
172;;687;base;interview;13.12.2021 17:58;1;2;18;4;3;2;1;1;4;4;4;3;4;3;3;1;9;20;51;3;69;;13.12.2021 17:59;1;0;4;4;0;0;0,85;6
173;;430;base;interview;13.12.2021 18:41;1;2;20;3;4;2;1;1;2;1;3;2;3;2;2;1;4;8;55;6;73;;13.12.2021 18:43;1;0;4;4;0;0;0,99;7
174;;800;base;interview;13.12.2021 19:21;1;2;25;2;3;1;2;1;1;1;1;1;3;2;3;1;3;5;49;3;60;;13.12.2021 19:22;1;0;4;4;0;0;1,42;21
175;;744;base;interview;13.12.2021 19:34;1;2;20;4;3;3;1;2;4;3;4;3;4;2;3;1;4;5;68;7;84;;13.12.2021 19:36;1;0;4;4;0;0;1,03;9
176;;679;base;interview;13.12.2021 21:33;1;2;18;2;2;2;4;4;2;2;2;2;3;2;2;1;268;6;71;12;87;;13.12.2021 21:39;1;0;4;4;0;0;0,54;0
177;;203;base;interview;14.12.2021 08:59;1;2;19;3;4;1;1;1;2;1;1;1;4;2;3;1;2;7;44;5;58;;14.12.2021 09:00;1;0;4;4;0;0;1,49;29
178;;662;base;interview;14.12.2021 14:34;1;2;22;4;3;1;1;1;4;2;3;2;4;3;4;1;6;6;50;5;67;;14.12.2021 14:35;1;0;4;4;0;0;0,99;2
180;;658;base;interview;14.12.2021 15:44;1;2;19;4;4;1;1;2;4;1;2;2;4;1;4;1;11;5;52;3;71;;14.12.2021 15:45;1;0;4;4;0;0;1,04;8
181;;202;base;interview;14.12.2021 16:03;1;2;27;2;2;1;1;1;2;1;1;2;2;2;2;1;3;5;110;13;122;;14.12.2021 16:06;1;0;4;4;0;0;1,01;15
182;;641;base;interview;14.12.2021 16:52;1;2;34;2;3;2;4;2;3;1;3;3;3;2;1;1;4;9;17;6;36;;14.12.2021 16:53;1;0;4;4;0;0;1,46;36
183;;736;base;interview;14.12.2021 18:36;1;2;29;3;3;1;1;1;1;1;1;4;4;4;3;1;6;4;41;4;55;;14.12.2021 18:36;1;0;4;4;0;0;1,22;11
184;;337;base;interview;14.12.2021 20:08;1;1;23;2;2;1;1;1;2;1;2;2;2;2;2;1;3;3;76;4;86;;14.12.2021 20:10;1;0;4;4;0;0;1,44;25
185;;811;base;interview;15.12.2021 10:51;1;2;29;3;3;2;2;4;2;3;2;3;2;3;4;1;3;5;17;4;29;;15.12.2021 10:51;1;0;4;4;0;0;1,8;44
186;;336;base;interview;15.12.2021 11:28;1;1;19;3;3;1;1;2;2;1;1;1;4;1;3;1;4;8;74;4;90;;15.12.2021 11:29;1;0;4;4;0;0;1,01;6
187;;770;base;interview;15.12.2021 16:47;1;1;25;4;4;1;1;1;3;1;1;4;4;4;4;1;2;8;68;4;82;;15.12.2021 16:48;1;0;4;4;0;0;1,4;25
188;;675;base;interview;15.12.2021 20:34;1;1;40;3;3;1;2;3;4;1;1;1;3;2;3;1;7;8;56;7;78;;15.12.2021 20:35;1;0;4;4;0;0;0,8;0
189;;728;base;interview;15.12.2021 20:51;1;1;30;3;4;1;3;4;4;1;1;3;3;4;3;1;4;6;80;5;95;;15.12.2021 20:53;1;0;4;4;0;0;1;6
190;;426;base;interview;16.12.2021 00:25;1;1;28;1;1;1;3;1;1;1;1;1;2;2;1;1;3;6;53;3;65;;16.12.2021 00:26;1;0;4;4;0;0;1,35;18
191;;743;base;interview;16.12.2021 07:44;1;2;20;3;3;2;2;2;3;1;3;2;4;2;3;1;6;5;60;5;76;;16.12.2021 07:46;1;0;4;4;0;0;0,99;3
192;;762;base;interview;16.12.2021 09:10;1;1;27;3;4;2;1;2;4;2;3;3;4;4;3;1;3;5;47;5;60;;16.12.2021 09:11;1;0;4;4;0;0;1,3;18
193;;358;base;interview;16.12.2021 09:43;1;1;26;4;3;2;2;2;3;1;2;3;3;2;3;1;5;6;44;4;59;;16.12.2021 09:44;1;0;4;4;0;0;1,12;6
194;;462;base;interview;16.12.2021 10:51;1;2;20;4;4;3;1;2;4;1;3;2;4;1;4;1;5;6;56;6;73;;16.12.2021 10:52;1;0;4;4;0;0;0,97;3
195;;435;base;interview;16.12.2021 11:56;1;2;21;4;4;1;2;3;3;1;1;2;3;2;3;1;5;6;48;5;64;;16.12.2021 11:57;1;0;4;4;0;0;1,05;5
196;;102;base;interview;16.12.2021 13:37;1;2;20;3;3;1;1;1;3;1;1;3;3;2;2;1;4;7;34;4;49;;16.12.2021 13:38;1;0;4;4;0;0;1,26;15
197;;170;base;interview;17.12.2021 09:10;1;2;23;3;3;3;1;2;3;1;3;3;3;3;3;1;4;8;73;5;90;;17.12.2021 09:12;1;0;4;4;0;0;0,96;6
198;;685;base;interview;17.12.2021 15:38;1;1;18;4;4;3;1;1;3;2;3;1;4;1;4;1;2;5;33;2;42;;17.12.2021 15:39;1;0;4;4;0;0;1,98;49
199;;274;base;interview;18.12.2021 20:55;1;3;22;4;4;2;3;1;3;3;4;3;4;2;4;1;4;4;63;4;75;;18.12.2021 20:57;1;0;4;4;0;0;1,23;13
200;;197;base;interview;18.12.2021 21:04;1;2;20;3;3;1;2;1;3;1;1;1;3;2;3;1;5;8;53;3;69;;18.12.2021 21:05;1;0;4;4;0;0;1,09;8
201;;755;base;interview;20.12.2021 09:59;1;2;19;4;4;2;4;2;4;2;4;4;4;4;4;1;3;5;55;3;66;;20.12.2021 10:00;1;0;4;4;0;0;1,39;20
202;;225;base;interview;20.12.2021 11:19;1;2;20;3;3;2;1;1;4;2;2;2;4;2;3;1;3;5;34;4;46;;20.12.2021 11:20;1;0;4;4;0;0;1,47;23
203;;735;base;interview;20.12.2021 23:13;1;2;20;3;4;2;2;2;3;1;2;2;4;2;3;1;6;9;48;4;67;;20.12.2021 23:14;1;0;4;4;0;0;0,96;2
204;;282;base;interview;22.12.2021 10:56;1;1;22;3;3;1;1;1;2;1;3;3;3;1;3;1;3;7;60;4;74;;22.12.2021 10:57;1;0;4;4;0;0;1,2;13
205;;655;base;interview;22.12.2021 12:10;1;1;21;3;3;1;1;1;2;1;3;2;3;3;4;1;9;6;52;5;72;;22.12.2021 12:11;1;0;4;4;0;0;0,89;1
206;;71;base;interview;22.12.2021 22:12;1;2;29;3;1;1;1;1;2;1;1;4;3;3;2;1;12;7;73;7;99;;22.12.2021 22:14;1;0;4;4;0;0;0,68;0
207;;348;base;interview;25.12.2021 18:44;1;2;22;4;4;1;2;4;4;1;2;1;4;3;4;1;3;6;42;3;54;;25.12.2021 18:45;1;0;4;4;0;0;1,42;21
208;;700;base;interview;26.12.2021 22:29;1;2;18;4;3;2;2;1;4;3;4;3;4;2;3;1;11;6;43;5;65;;26.12.2021 22:30;1;0;4;4;0;0;0,92;4
209;;134;base;interview;28.12.2021 12:56;1;2;20;4;4;2;1;1;4;1;2;3;4;3;3;1;7;5;55;6;73;;28.12.2021 12:57;1;0;4;4;0;0;0,94;3
210;;186;base;interview;28.12.2021 22:57;1;2;43;3;3;2;2;2;3;1;2;3;3;2;3;1;6;9;62;5;82;;28.12.2021 22:58;1;0;4;4;0;0;0,85;0
211;;116;base;interview;01.01.2022 14:26;1;2;33;2;2;2;2;3;2;1;1;2;3;2;3;2;4;7;77;11;92;;01.01.2022 14:27;1;0;4;4;0;0;0,87;6
212;;779;base;interview;02.01.2022 16:03;1;1;24;2;3;2;1;1;2;1;1;2;3;1;2;1;6;8;77;5;96;;02.01.2022 16:05;1;0;4;4;0;0;0,82;0
213;;773;base;interview;02.01.2022 20:53;1;1;19;3;2;1;1;1;2;1;1;1;4;1;2;1;18;5;51;4;78;;02.01.2022 20:54;1;0;4;4;0;0;0,91;4
214;;403;base;interview;03.01.2022 21:12;1;2;23;2;4;3;1;3;3;2;3;3;4;3;2;1;3;6;15;3;27;;03.01.2022 21:13;1;0;4;4;0;0;1,83;52
215;;754;base;interview;04.01.2022 11:50;1;1;20;3;3;1;1;1;3;1;2;2;4;1;3;1;2;5;45;3;55;;04.01.2022 11:51;1;0;4;4;0;0;1,7;35
217;;672;base;interview;05.01.2022 17:34;1;2;23;3;3;2;1;2;4;1;2;2;4;2;3;1;6;7;59;5;77;;05.01.2022 17:35;1;0;4;4;0;0;0,91;0
218;;643;base;interview;10.01.2022 01:34;1;1;29;3;3;2;2;2;3;2;3;2;4;3;3;1;8;22;31;3;48;;10.01.2022 01:35;1;0;4;4;0;0;1,05;15
